<application>
  <component name="PhpAutoImport" import_on_paste="NONE" />
  <component name="PhpInterpreters">
    <interpreters>
      <interpreter id="7740e596-9550-4b00-b0b4-e5b5a56d59f2" name="Ubuntu" home="wsl://DATA" debugger_id="php.debugger.XDebug">
        <remote_data INTERPRETER_PATH="/usr/bin/php" HELPERS_PATH="" INITIALIZED="false" VALID="true" RUN_AS_ROOT_VIA_SUDO="false" DISTRIBUTION_ID="Ubuntu" />
      </interpreter>
    </interpreters>
  </component>
  <component name="PhpInterpretersPhpInfoCache">
    <phpInfoCache>
      <interpreter name="Ubuntu">
        <phpinfo binary_type="PHP" php_cli="/usr/bin/php7.4" path_separator=":" remote_host="192.168.5.116" version="7.4.3">
          <additional_php_ini>/etc/php/7.4/cli/conf.d/10-mysqlnd.ini, /etc/php/7.4/cli/conf.d/10-opcache.ini, /etc/php/7.4/cli/conf.d/10-pdo.ini, /etc/php/7.4/cli/conf.d/15-xml.ini, /etc/php/7.4/cli/conf.d/20-bcmath.ini, /etc/php/7.4/cli/conf.d/20-calendar.ini, /etc/php/7.4/cli/conf.d/20-ctype.ini, /etc/php/7.4/cli/conf.d/20-curl.ini, /etc/php/7.4/cli/conf.d/20-dom.ini, /etc/php/7.4/cli/conf.d/20-exif.ini, /etc/php/7.4/cli/conf.d/20-ffi.ini, /etc/php/7.4/cli/conf.d/20-fileinfo.ini, /etc/php/7.4/cli/conf.d/20-ftp.ini, /etc/php/7.4/cli/conf.d/20-gd.ini, /etc/php/7.4/cli/conf.d/20-gettext.ini, /etc/php/7.4/cli/conf.d/20-iconv.ini, /etc/php/7.4/cli/conf.d/20-igbinary.ini, /etc/php/7.4/cli/conf.d/20-json.ini, /etc/php/7.4/cli/conf.d/20-mbstring.ini, /etc/php/7.4/cli/conf.d/20-mysqli.ini, /etc/php/7.4/cli/conf.d/20-pdo_mysql.ini, /etc/php/7.4/cli/conf.d/20-phar.ini, /etc/php/7.4/cli/conf.d/20-posix.ini, /etc/php/7.4/cli/conf.d/20-readline.ini, /etc/php/7.4/cli/conf.d/20-redis.ini, /etc/php/7.4/cli/conf.d/20-shmop.ini, /etc/php/7.4/cli/conf.d/20-simplexml.ini, /etc/php/7.4/cli/conf.d/20-sockets.ini, /etc/php/7.4/cli/conf.d/20-sysvmsg.ini, /etc/php/7.4/cli/conf.d/20-sysvsem.ini, /etc/php/7.4/cli/conf.d/20-sysvshm.ini, /etc/php/7.4/cli/conf.d/20-tokenizer.ini, /etc/php/7.4/cli/conf.d/20-xdebug.ini, /etc/php/7.4/cli/conf.d/20-xmlreader.ini, /etc/php/7.4/cli/conf.d/20-xmlwriter.ini, /etc/php/7.4/cli/conf.d/20-xsl.ini, /etc/php/7.4/cli/conf.d/20-zip.ini</additional_php_ini>
          <configuration_file>/etc/php/7.4/cli/php.ini</configuration_file>
          <configuration_options>
            <configuration_option name="include_path" value=".:/usr/share/php" />
          </configuration_options>
          <debuggers>
            <debugger_info debugger="xdebug" debugger_version="2.9.2">
              <debug_extensions />
            </debugger_info>
          </debuggers>
          <loaded_extensions>
            <extension name="Core" />
            <extension name="FFI" />
            <extension name="PDO" />
            <extension name="Phar" />
            <extension name="Reflection" />
            <extension name="SPL" />
            <extension name="SimpleXML" />
            <extension name="Zend OPcache" />
            <extension name="bcmath" />
            <extension name="calendar" />
            <extension name="ctype" />
            <extension name="curl" />
            <extension name="date" />
            <extension name="dom" />
            <extension name="exif" />
            <extension name="fileinfo" />
            <extension name="filter" />
            <extension name="ftp" />
            <extension name="gd" />
            <extension name="gettext" />
            <extension name="hash" />
            <extension name="iconv" />
            <extension name="igbinary" />
            <extension name="json" />
            <extension name="libxml" />
            <extension name="mbstring" />
            <extension name="mysqli" />
            <extension name="mysqlnd" />
            <extension name="openssl" />
            <extension name="pcntl" />
            <extension name="pcre" />
            <extension name="pdo_mysql" />
            <extension name="posix" />
            <extension name="readline" />
            <extension name="redis" />
            <extension name="session" />
            <extension name="shmop" />
            <extension name="sockets" />
            <extension name="sodium" />
            <extension name="standard" />
            <extension name="sysvmsg" />
            <extension name="sysvsem" />
            <extension name="sysvshm" />
            <extension name="tokenizer" />
            <extension name="xdebug" />
            <extension name="xml" />
            <extension name="xmlreader" />
            <extension name="xmlwriter" />
            <extension name="xsl" />
            <extension name="zip" />
            <extension name="zlib" />
          </loaded_extensions>
        </phpinfo>
      </interpreter>
    </phpInfoCache>
  </component>
  <component name="PhpSmartKeysConfiguration">
    <option name="autoInsertFullPhpOpenTag" value="false" />
    <option name="escapeSymbolsInStringLiterals" value="true" />
    <option name="smartFunctionParametersCompletion" value="true" />
  </component>
</application>