<application>
  <component name="AppStorage">
    <option name="pinNewTranslationDialog" value="true" />
    <histories>
      <item value="mutate Attribute" />
      <item value="id YYY" />
      <item value="id" />
      <item value="Mixin" />
      <item value="refer" />
      <item value="kindle" />
      <item value="qualified" />
      <item value="Filterable" />
      <item value="judgment" />
      <item value="judgment purchase" />
      <item value="Contracts" />
      <item value="Repository" />
      <item value="This array of class aliases will be registered when this application | is started. However, feel free to register as many as you wish as | the aliases are &quot;lazy&quot; loaded so they don't hinder performance." />
      <item value="Foundation" />
      <item value="Invokes a reflected method." />
      <item value="mixin" />
      <item value="Mix another object into the class" />
      <item value="macro" />
      <item value="store" />
      <item value="maintenance" />
      <item value="currency rate" />
      <item value="Feature" />
      <item value="pluck" />
      <item value="Accessor" />
      <item value="get Facade Accessor" />
      <item value="get Facade Root" />
      <item value="resolved object instances" />
      <item value="actual price" />
      <item value="Has Factory" />
      <item value="Notifications" />
      <item value="Notifiable" />
      <item value="managers" />
      <item value="MANAGES" />
      <item value="phase" />
      <item value="phase method" />
      <item value="prime cost" />
      <item value="'purchaseorder_id' =&gt; order-&gt;id" />
      <item value="Reflection Class Constant" />
      <item value="Extract the route action's signature parameters" />
      <item value="Checks if a default value is available" />
      <item value="usable" />
      <item value="prime" />
      <item value="logistics" />
      <item value="get Combo Data" />
      <item value="unexpected end of file" />
      <item value="notifications" />
      <item value="Transit" />
      <item value="Transitwms" />
      <item value="Logic" />
      <item value="Purchase Order" />
    </histories>
    <option name="languageScores">
      <map>
        <entry key="CHINESE" value="88" />
        <entry key="ENGLISH" value="89" />
        <entry key="FRENCH" value="1" />
        <entry key="SPANISH" value="1" />
      </map>
    </option>
  </component>
  <component name="Cache">
    <option name="lastTrimTime" value="1624346151198" />
  </component>
</application>