<application>
  <component name="libraryTable">
    <library name="2.7 @ Ubuntu 20.04 interpreter library">
      <CLASSES />
      <JAVADOC />
      <SOURCES />
    </library>
    <library name="3.8 @ Ubuntu 20.04 interpreter library">
      <CLASSES />
      <JAVADOC />
      <SOURCES />
    </library>
    <library name="javafx-swt">
      <CLASSES>
        <root url="jar://C:/Programs/java/javafx15/lib/javafx-swt.jar!/" />
        <root url="jar://C:/Programs/java/javafx15/lib/javafx.base.jar!/" />
        <root url="jar://C:/Programs/java/javafx15/lib/javafx.controls.jar!/" />
        <root url="jar://C:/Programs/java/javafx15/lib/javafx.fxml.jar!/" />
        <root url="jar://C:/Programs/java/javafx15/lib/javafx.graphics.jar!/" />
        <root url="jar://C:/Programs/java/javafx15/lib/javafx.media.jar!/" />
        <root url="jar://C:/Programs/java/javafx15/lib/javafx.swing.jar!/" />
        <root url="jar://C:/Programs/java/javafx15/lib/javafx.web.jar!/" />
      </CLASSES>
      <JAVADOC />
      <SOURCES>
        <root url="jar://C:/Programs/java/javafx15/lib/src.zip!/javafx.base" />
        <root url="jar://C:/Programs/java/javafx15/lib/src.zip!/javafx.controls" />
        <root url="jar://C:/Programs/java/javafx15/lib/src.zip!/javafx.fxml" />
        <root url="jar://C:/Programs/java/javafx15/lib/src.zip!/javafx.graphics" />
        <root url="jar://C:/Programs/java/javafx15/lib/src.zip!/javafx.media" />
        <root url="jar://C:/Programs/java/javafx15/lib/src.zip!/javafx.swing" />
        <root url="jar://C:/Programs/java/javafx15/lib/src.zip!/javafx.web" />
      </SOURCES>
    </library>
  </component>
</application>