<application>
  <component name="ProjectJdkTable">
    <jdk version="2">
      <name value="16" />
      <type value="JavaSDK" />
      <version value="version 16" />
      <homePath value="D:/software/jdk" />
      <roots>
        <annotationsPath>
          <root type="composite">
            <root url="jar://$APPLICATION_HOME_DIR$/plugins/java/lib/jdkAnnotations.jar!/" type="simple" />
          </root>
        </annotationsPath>
        <classPath>
          <root type="composite">
            <root url="jrt://D:/software/jdk!/java.base" type="simple" />
            <root url="jrt://D:/software/jdk!/java.compiler" type="simple" />
            <root url="jrt://D:/software/jdk!/java.datatransfer" type="simple" />
            <root url="jrt://D:/software/jdk!/java.desktop" type="simple" />
            <root url="jrt://D:/software/jdk!/java.instrument" type="simple" />
            <root url="jrt://D:/software/jdk!/java.logging" type="simple" />
            <root url="jrt://D:/software/jdk!/java.management" type="simple" />
            <root url="jrt://D:/software/jdk!/java.management.rmi" type="simple" />
            <root url="jrt://D:/software/jdk!/java.naming" type="simple" />
            <root url="jrt://D:/software/jdk!/java.net.http" type="simple" />
            <root url="jrt://D:/software/jdk!/java.prefs" type="simple" />
            <root url="jrt://D:/software/jdk!/java.rmi" type="simple" />
            <root url="jrt://D:/software/jdk!/java.scripting" type="simple" />
            <root url="jrt://D:/software/jdk!/java.se" type="simple" />
            <root url="jrt://D:/software/jdk!/java.security.jgss" type="simple" />
            <root url="jrt://D:/software/jdk!/java.security.sasl" type="simple" />
            <root url="jrt://D:/software/jdk!/java.smartcardio" type="simple" />
            <root url="jrt://D:/software/jdk!/java.sql" type="simple" />
            <root url="jrt://D:/software/jdk!/java.sql.rowset" type="simple" />
            <root url="jrt://D:/software/jdk!/java.transaction.xa" type="simple" />
            <root url="jrt://D:/software/jdk!/java.xml" type="simple" />
            <root url="jrt://D:/software/jdk!/java.xml.crypto" type="simple" />
            <root url="jrt://D:/software/jdk!/jdk.accessibility" type="simple" />
            <root url="jrt://D:/software/jdk!/jdk.attach" type="simple" />
            <root url="jrt://D:/software/jdk!/jdk.charsets" type="simple" />
            <root url="jrt://D:/software/jdk!/jdk.compiler" type="simple" />
            <root url="jrt://D:/software/jdk!/jdk.crypto.cryptoki" type="simple" />
            <root url="jrt://D:/software/jdk!/jdk.crypto.ec" type="simple" />
            <root url="jrt://D:/software/jdk!/jdk.crypto.mscapi" type="simple" />
            <root url="jrt://D:/software/jdk!/jdk.dynalink" type="simple" />
            <root url="jrt://D:/software/jdk!/jdk.editpad" type="simple" />
            <root url="jrt://D:/software/jdk!/jdk.hotspot.agent" type="simple" />
            <root url="jrt://D:/software/jdk!/jdk.httpserver" type="simple" />
            <root url="jrt://D:/software/jdk!/jdk.incubator.foreign" type="simple" />
            <root url="jrt://D:/software/jdk!/jdk.incubator.vector" type="simple" />
            <root url="jrt://D:/software/jdk!/jdk.internal.ed" type="simple" />
            <root url="jrt://D:/software/jdk!/jdk.internal.jvmstat" type="simple" />
            <root url="jrt://D:/software/jdk!/jdk.internal.le" type="simple" />
            <root url="jrt://D:/software/jdk!/jdk.internal.opt" type="simple" />
            <root url="jrt://D:/software/jdk!/jdk.internal.vm.ci" type="simple" />
            <root url="jrt://D:/software/jdk!/jdk.jartool" type="simple" />
            <root url="jrt://D:/software/jdk!/jdk.javadoc" type="simple" />
            <root url="jrt://D:/software/jdk!/jdk.jcmd" type="simple" />
            <root url="jrt://D:/software/jdk!/jdk.jconsole" type="simple" />
            <root url="jrt://D:/software/jdk!/jdk.jdeps" type="simple" />
            <root url="jrt://D:/software/jdk!/jdk.jdi" type="simple" />
            <root url="jrt://D:/software/jdk!/jdk.jdwp.agent" type="simple" />
            <root url="jrt://D:/software/jdk!/jdk.jfr" type="simple" />
            <root url="jrt://D:/software/jdk!/jdk.jlink" type="simple" />
            <root url="jrt://D:/software/jdk!/jdk.jpackage" type="simple" />
            <root url="jrt://D:/software/jdk!/jdk.jshell" type="simple" />
            <root url="jrt://D:/software/jdk!/jdk.jsobject" type="simple" />
            <root url="jrt://D:/software/jdk!/jdk.jstatd" type="simple" />
            <root url="jrt://D:/software/jdk!/jdk.localedata" type="simple" />
            <root url="jrt://D:/software/jdk!/jdk.management" type="simple" />
            <root url="jrt://D:/software/jdk!/jdk.management.agent" type="simple" />
            <root url="jrt://D:/software/jdk!/jdk.management.jfr" type="simple" />
            <root url="jrt://D:/software/jdk!/jdk.naming.dns" type="simple" />
            <root url="jrt://D:/software/jdk!/jdk.naming.rmi" type="simple" />
            <root url="jrt://D:/software/jdk!/jdk.net" type="simple" />
            <root url="jrt://D:/software/jdk!/jdk.nio.mapmode" type="simple" />
            <root url="jrt://D:/software/jdk!/jdk.sctp" type="simple" />
            <root url="jrt://D:/software/jdk!/jdk.security.auth" type="simple" />
            <root url="jrt://D:/software/jdk!/jdk.security.jgss" type="simple" />
            <root url="jrt://D:/software/jdk!/jdk.unsupported" type="simple" />
            <root url="jrt://D:/software/jdk!/jdk.unsupported.desktop" type="simple" />
            <root url="jrt://D:/software/jdk!/jdk.xml.dom" type="simple" />
            <root url="jrt://D:/software/jdk!/jdk.zipfs" type="simple" />
          </root>
        </classPath>
        <javadocPath>
          <root type="composite" />
        </javadocPath>
        <sourcePath>
          <root type="composite">
            <root url="jar://D:/software/jdk/lib/src.zip!/java.se" type="simple" />
            <root url="jar://D:/software/jdk/lib/src.zip!/jdk.jdi" type="simple" />
            <root url="jar://D:/software/jdk/lib/src.zip!/jdk.jfr" type="simple" />
            <root url="jar://D:/software/jdk/lib/src.zip!/jdk.net" type="simple" />
            <root url="jar://D:/software/jdk/lib/src.zip!/java.rmi" type="simple" />
            <root url="jar://D:/software/jdk/lib/src.zip!/java.sql" type="simple" />
            <root url="jar://D:/software/jdk/lib/src.zip!/java.xml" type="simple" />
            <root url="jar://D:/software/jdk/lib/src.zip!/jdk.jcmd" type="simple" />
            <root url="jar://D:/software/jdk/lib/src.zip!/jdk.sctp" type="simple" />
            <root url="jar://D:/software/jdk/lib/src.zip!/java.base" type="simple" />
            <root url="jar://D:/software/jdk/lib/src.zip!/jdk.jdeps" type="simple" />
            <root url="jar://D:/software/jdk/lib/src.zip!/jdk.jlink" type="simple" />
            <root url="jar://D:/software/jdk/lib/src.zip!/jdk.zipfs" type="simple" />
            <root url="jar://D:/software/jdk/lib/src.zip!/java.prefs" type="simple" />
            <root url="jar://D:/software/jdk/lib/src.zip!/jdk.attach" type="simple" />
            <root url="jar://D:/software/jdk/lib/src.zip!/jdk.jshell" type="simple" />
            <root url="jar://D:/software/jdk/lib/src.zip!/jdk.jstatd" type="simple" />
            <root url="jar://D:/software/jdk/lib/src.zip!/java.naming" type="simple" />
            <root url="jar://D:/software/jdk/lib/src.zip!/jdk.editpad" type="simple" />
            <root url="jar://D:/software/jdk/lib/src.zip!/jdk.jartool" type="simple" />
            <root url="jar://D:/software/jdk/lib/src.zip!/jdk.javadoc" type="simple" />
            <root url="jar://D:/software/jdk/lib/src.zip!/jdk.xml.dom" type="simple" />
            <root url="jar://D:/software/jdk/lib/src.zip!/java.desktop" type="simple" />
            <root url="jar://D:/software/jdk/lib/src.zip!/java.logging" type="simple" />
            <root url="jar://D:/software/jdk/lib/src.zip!/jdk.charsets" type="simple" />
            <root url="jar://D:/software/jdk/lib/src.zip!/jdk.compiler" type="simple" />
            <root url="jar://D:/software/jdk/lib/src.zip!/jdk.dynalink" type="simple" />
            <root url="jar://D:/software/jdk/lib/src.zip!/jdk.jconsole" type="simple" />
            <root url="jar://D:/software/jdk/lib/src.zip!/jdk.jpackage" type="simple" />
            <root url="jar://D:/software/jdk/lib/src.zip!/jdk.jsobject" type="simple" />
            <root url="jar://D:/software/jdk/lib/src.zip!/java.compiler" type="simple" />
            <root url="jar://D:/software/jdk/lib/src.zip!/java.net.http" type="simple" />
            <root url="jar://D:/software/jdk/lib/src.zip!/jdk.crypto.ec" type="simple" />
            <root url="jar://D:/software/jdk/lib/src.zip!/java.scripting" type="simple" />
            <root url="jar://D:/software/jdk/lib/src.zip!/jdk.httpserver" type="simple" />
            <root url="jar://D:/software/jdk/lib/src.zip!/jdk.jdwp.agent" type="simple" />
            <root url="jar://D:/software/jdk/lib/src.zip!/jdk.localedata" type="simple" />
            <root url="jar://D:/software/jdk/lib/src.zip!/jdk.management" type="simple" />
            <root url="jar://D:/software/jdk/lib/src.zip!/jdk.naming.dns" type="simple" />
            <root url="jar://D:/software/jdk/lib/src.zip!/jdk.naming.rmi" type="simple" />
            <root url="jar://D:/software/jdk/lib/src.zip!/java.instrument" type="simple" />
            <root url="jar://D:/software/jdk/lib/src.zip!/java.management" type="simple" />
            <root url="jar://D:/software/jdk/lib/src.zip!/java.sql.rowset" type="simple" />
            <root url="jar://D:/software/jdk/lib/src.zip!/java.xml.crypto" type="simple" />
            <root url="jar://D:/software/jdk/lib/src.zip!/jdk.internal.ed" type="simple" />
            <root url="jar://D:/software/jdk/lib/src.zip!/jdk.internal.le" type="simple" />
            <root url="jar://D:/software/jdk/lib/src.zip!/jdk.nio.mapmode" type="simple" />
            <root url="jar://D:/software/jdk/lib/src.zip!/jdk.unsupported" type="simple" />
            <root url="jar://D:/software/jdk/lib/src.zip!/java.smartcardio" type="simple" />
            <root url="jar://D:/software/jdk/lib/src.zip!/jdk.internal.opt" type="simple" />
            <root url="jar://D:/software/jdk/lib/src.zip!/java.datatransfer" type="simple" />
            <root url="jar://D:/software/jdk/lib/src.zip!/jdk.accessibility" type="simple" />
            <root url="jar://D:/software/jdk/lib/src.zip!/jdk.crypto.mscapi" type="simple" />
            <root url="jar://D:/software/jdk/lib/src.zip!/jdk.hotspot.agent" type="simple" />
            <root url="jar://D:/software/jdk/lib/src.zip!/jdk.security.auth" type="simple" />
            <root url="jar://D:/software/jdk/lib/src.zip!/jdk.security.jgss" type="simple" />
            <root url="jar://D:/software/jdk/lib/src.zip!/java.security.jgss" type="simple" />
            <root url="jar://D:/software/jdk/lib/src.zip!/java.security.sasl" type="simple" />
            <root url="jar://D:/software/jdk/lib/src.zip!/jdk.internal.vm.ci" type="simple" />
            <root url="jar://D:/software/jdk/lib/src.zip!/jdk.management.jfr" type="simple" />
            <root url="jar://D:/software/jdk/lib/src.zip!/java.management.rmi" type="simple" />
            <root url="jar://D:/software/jdk/lib/src.zip!/java.transaction.xa" type="simple" />
            <root url="jar://D:/software/jdk/lib/src.zip!/jdk.crypto.cryptoki" type="simple" />
            <root url="jar://D:/software/jdk/lib/src.zip!/jdk.incubator.vector" type="simple" />
            <root url="jar://D:/software/jdk/lib/src.zip!/jdk.internal.jvmstat" type="simple" />
            <root url="jar://D:/software/jdk/lib/src.zip!/jdk.management.agent" type="simple" />
            <root url="jar://D:/software/jdk/lib/src.zip!/jdk.incubator.foreign" type="simple" />
            <root url="jar://D:/software/jdk/lib/src.zip!/jdk.unsupported.desktop" type="simple" />
          </root>
        </sourcePath>
      </roots>
      <additional />
    </jdk>
  </component>
</application>