<application>
  <component name="ProjectJdkTable">
    <jdk version="2">
      <name value="15" />
      <type value="JavaSDK" />
      <version value="version 15.0.1" />
      <homePath value="C:/Programs/java/jdk15" />
      <roots>
        <annotationsPath>
          <root type="composite">
            <root url="jar://$APPLICATION_HOME_DIR$/plugins/java/lib/jdkAnnotations.jar!/" type="simple" />
          </root>
        </annotationsPath>
        <classPath>
          <root type="composite">
            <root url="jrt://C:/Programs/java/jdk15!/java.base" type="simple" />
            <root url="jrt://C:/Programs/java/jdk15!/java.compiler" type="simple" />
            <root url="jrt://C:/Programs/java/jdk15!/java.datatransfer" type="simple" />
            <root url="jrt://C:/Programs/java/jdk15!/java.desktop" type="simple" />
            <root url="jrt://C:/Programs/java/jdk15!/java.instrument" type="simple" />
            <root url="jrt://C:/Programs/java/jdk15!/java.logging" type="simple" />
            <root url="jrt://C:/Programs/java/jdk15!/java.management" type="simple" />
            <root url="jrt://C:/Programs/java/jdk15!/java.management.rmi" type="simple" />
            <root url="jrt://C:/Programs/java/jdk15!/java.naming" type="simple" />
            <root url="jrt://C:/Programs/java/jdk15!/java.net.http" type="simple" />
            <root url="jrt://C:/Programs/java/jdk15!/java.prefs" type="simple" />
            <root url="jrt://C:/Programs/java/jdk15!/java.rmi" type="simple" />
            <root url="jrt://C:/Programs/java/jdk15!/java.scripting" type="simple" />
            <root url="jrt://C:/Programs/java/jdk15!/java.se" type="simple" />
            <root url="jrt://C:/Programs/java/jdk15!/java.security.jgss" type="simple" />
            <root url="jrt://C:/Programs/java/jdk15!/java.security.sasl" type="simple" />
            <root url="jrt://C:/Programs/java/jdk15!/java.smartcardio" type="simple" />
            <root url="jrt://C:/Programs/java/jdk15!/java.sql" type="simple" />
            <root url="jrt://C:/Programs/java/jdk15!/java.sql.rowset" type="simple" />
            <root url="jrt://C:/Programs/java/jdk15!/java.transaction.xa" type="simple" />
            <root url="jrt://C:/Programs/java/jdk15!/java.xml" type="simple" />
            <root url="jrt://C:/Programs/java/jdk15!/java.xml.crypto" type="simple" />
            <root url="jrt://C:/Programs/java/jdk15!/jdk.accessibility" type="simple" />
            <root url="jrt://C:/Programs/java/jdk15!/jdk.aot" type="simple" />
            <root url="jrt://C:/Programs/java/jdk15!/jdk.attach" type="simple" />
            <root url="jrt://C:/Programs/java/jdk15!/jdk.charsets" type="simple" />
            <root url="jrt://C:/Programs/java/jdk15!/jdk.compiler" type="simple" />
            <root url="jrt://C:/Programs/java/jdk15!/jdk.crypto.cryptoki" type="simple" />
            <root url="jrt://C:/Programs/java/jdk15!/jdk.crypto.ec" type="simple" />
            <root url="jrt://C:/Programs/java/jdk15!/jdk.crypto.mscapi" type="simple" />
            <root url="jrt://C:/Programs/java/jdk15!/jdk.dynalink" type="simple" />
            <root url="jrt://C:/Programs/java/jdk15!/jdk.editpad" type="simple" />
            <root url="jrt://C:/Programs/java/jdk15!/jdk.hotspot.agent" type="simple" />
            <root url="jrt://C:/Programs/java/jdk15!/jdk.httpserver" type="simple" />
            <root url="jrt://C:/Programs/java/jdk15!/jdk.incubator.foreign" type="simple" />
            <root url="jrt://C:/Programs/java/jdk15!/jdk.incubator.jpackage" type="simple" />
            <root url="jrt://C:/Programs/java/jdk15!/jdk.internal.ed" type="simple" />
            <root url="jrt://C:/Programs/java/jdk15!/jdk.internal.jvmstat" type="simple" />
            <root url="jrt://C:/Programs/java/jdk15!/jdk.internal.le" type="simple" />
            <root url="jrt://C:/Programs/java/jdk15!/jdk.internal.opt" type="simple" />
            <root url="jrt://C:/Programs/java/jdk15!/jdk.internal.vm.ci" type="simple" />
            <root url="jrt://C:/Programs/java/jdk15!/jdk.internal.vm.compiler" type="simple" />
            <root url="jrt://C:/Programs/java/jdk15!/jdk.internal.vm.compiler.management" type="simple" />
            <root url="jrt://C:/Programs/java/jdk15!/jdk.jartool" type="simple" />
            <root url="jrt://C:/Programs/java/jdk15!/jdk.javadoc" type="simple" />
            <root url="jrt://C:/Programs/java/jdk15!/jdk.jcmd" type="simple" />
            <root url="jrt://C:/Programs/java/jdk15!/jdk.jconsole" type="simple" />
            <root url="jrt://C:/Programs/java/jdk15!/jdk.jdeps" type="simple" />
            <root url="jrt://C:/Programs/java/jdk15!/jdk.jdi" type="simple" />
            <root url="jrt://C:/Programs/java/jdk15!/jdk.jdwp.agent" type="simple" />
            <root url="jrt://C:/Programs/java/jdk15!/jdk.jfr" type="simple" />
            <root url="jrt://C:/Programs/java/jdk15!/jdk.jlink" type="simple" />
            <root url="jrt://C:/Programs/java/jdk15!/jdk.jshell" type="simple" />
            <root url="jrt://C:/Programs/java/jdk15!/jdk.jsobject" type="simple" />
            <root url="jrt://C:/Programs/java/jdk15!/jdk.jstatd" type="simple" />
            <root url="jrt://C:/Programs/java/jdk15!/jdk.localedata" type="simple" />
            <root url="jrt://C:/Programs/java/jdk15!/jdk.management" type="simple" />
            <root url="jrt://C:/Programs/java/jdk15!/jdk.management.agent" type="simple" />
            <root url="jrt://C:/Programs/java/jdk15!/jdk.management.jfr" type="simple" />
            <root url="jrt://C:/Programs/java/jdk15!/jdk.naming.dns" type="simple" />
            <root url="jrt://C:/Programs/java/jdk15!/jdk.naming.rmi" type="simple" />
            <root url="jrt://C:/Programs/java/jdk15!/jdk.net" type="simple" />
            <root url="jrt://C:/Programs/java/jdk15!/jdk.nio.mapmode" type="simple" />
            <root url="jrt://C:/Programs/java/jdk15!/jdk.sctp" type="simple" />
            <root url="jrt://C:/Programs/java/jdk15!/jdk.security.auth" type="simple" />
            <root url="jrt://C:/Programs/java/jdk15!/jdk.security.jgss" type="simple" />
            <root url="jrt://C:/Programs/java/jdk15!/jdk.unsupported" type="simple" />
            <root url="jrt://C:/Programs/java/jdk15!/jdk.unsupported.desktop" type="simple" />
            <root url="jrt://C:/Programs/java/jdk15!/jdk.xml.dom" type="simple" />
            <root url="jrt://C:/Programs/java/jdk15!/jdk.zipfs" type="simple" />
            <root url="jrt://C:/Programs/jdk15!/java.base" type="simple" />
            <root url="jrt://C:/Programs/jdk15!/java.compiler" type="simple" />
            <root url="jrt://C:/Programs/jdk15!/java.datatransfer" type="simple" />
            <root url="jrt://C:/Programs/jdk15!/java.desktop" type="simple" />
            <root url="jrt://C:/Programs/jdk15!/java.instrument" type="simple" />
            <root url="jrt://C:/Programs/jdk15!/java.logging" type="simple" />
            <root url="jrt://C:/Programs/jdk15!/java.management" type="simple" />
            <root url="jrt://C:/Programs/jdk15!/java.management.rmi" type="simple" />
            <root url="jrt://C:/Programs/jdk15!/java.naming" type="simple" />
            <root url="jrt://C:/Programs/jdk15!/java.net.http" type="simple" />
            <root url="jrt://C:/Programs/jdk15!/java.prefs" type="simple" />
            <root url="jrt://C:/Programs/jdk15!/java.rmi" type="simple" />
            <root url="jrt://C:/Programs/jdk15!/java.scripting" type="simple" />
            <root url="jrt://C:/Programs/jdk15!/java.se" type="simple" />
            <root url="jrt://C:/Programs/jdk15!/java.security.jgss" type="simple" />
            <root url="jrt://C:/Programs/jdk15!/java.security.sasl" type="simple" />
            <root url="jrt://C:/Programs/jdk15!/java.smartcardio" type="simple" />
            <root url="jrt://C:/Programs/jdk15!/java.sql" type="simple" />
            <root url="jrt://C:/Programs/jdk15!/java.sql.rowset" type="simple" />
            <root url="jrt://C:/Programs/jdk15!/java.transaction.xa" type="simple" />
            <root url="jrt://C:/Programs/jdk15!/java.xml" type="simple" />
            <root url="jrt://C:/Programs/jdk15!/java.xml.crypto" type="simple" />
            <root url="jrt://C:/Programs/jdk15!/jdk.accessibility" type="simple" />
            <root url="jrt://C:/Programs/jdk15!/jdk.aot" type="simple" />
            <root url="jrt://C:/Programs/jdk15!/jdk.attach" type="simple" />
            <root url="jrt://C:/Programs/jdk15!/jdk.charsets" type="simple" />
            <root url="jrt://C:/Programs/jdk15!/jdk.compiler" type="simple" />
            <root url="jrt://C:/Programs/jdk15!/jdk.crypto.cryptoki" type="simple" />
            <root url="jrt://C:/Programs/jdk15!/jdk.crypto.ec" type="simple" />
            <root url="jrt://C:/Programs/jdk15!/jdk.crypto.mscapi" type="simple" />
            <root url="jrt://C:/Programs/jdk15!/jdk.dynalink" type="simple" />
            <root url="jrt://C:/Programs/jdk15!/jdk.editpad" type="simple" />
            <root url="jrt://C:/Programs/jdk15!/jdk.hotspot.agent" type="simple" />
            <root url="jrt://C:/Programs/jdk15!/jdk.httpserver" type="simple" />
            <root url="jrt://C:/Programs/jdk15!/jdk.incubator.foreign" type="simple" />
            <root url="jrt://C:/Programs/jdk15!/jdk.incubator.jpackage" type="simple" />
            <root url="jrt://C:/Programs/jdk15!/jdk.internal.ed" type="simple" />
            <root url="jrt://C:/Programs/jdk15!/jdk.internal.jvmstat" type="simple" />
            <root url="jrt://C:/Programs/jdk15!/jdk.internal.le" type="simple" />
            <root url="jrt://C:/Programs/jdk15!/jdk.internal.opt" type="simple" />
            <root url="jrt://C:/Programs/jdk15!/jdk.internal.vm.ci" type="simple" />
            <root url="jrt://C:/Programs/jdk15!/jdk.internal.vm.compiler" type="simple" />
            <root url="jrt://C:/Programs/jdk15!/jdk.internal.vm.compiler.management" type="simple" />
            <root url="jrt://C:/Programs/jdk15!/jdk.jartool" type="simple" />
            <root url="jrt://C:/Programs/jdk15!/jdk.javadoc" type="simple" />
            <root url="jrt://C:/Programs/jdk15!/jdk.jcmd" type="simple" />
            <root url="jrt://C:/Programs/jdk15!/jdk.jconsole" type="simple" />
            <root url="jrt://C:/Programs/jdk15!/jdk.jdeps" type="simple" />
            <root url="jrt://C:/Programs/jdk15!/jdk.jdi" type="simple" />
            <root url="jrt://C:/Programs/jdk15!/jdk.jdwp.agent" type="simple" />
            <root url="jrt://C:/Programs/jdk15!/jdk.jfr" type="simple" />
            <root url="jrt://C:/Programs/jdk15!/jdk.jlink" type="simple" />
            <root url="jrt://C:/Programs/jdk15!/jdk.jshell" type="simple" />
            <root url="jrt://C:/Programs/jdk15!/jdk.jsobject" type="simple" />
            <root url="jrt://C:/Programs/jdk15!/jdk.jstatd" type="simple" />
            <root url="jrt://C:/Programs/jdk15!/jdk.localedata" type="simple" />
            <root url="jrt://C:/Programs/jdk15!/jdk.management" type="simple" />
            <root url="jrt://C:/Programs/jdk15!/jdk.management.agent" type="simple" />
            <root url="jrt://C:/Programs/jdk15!/jdk.management.jfr" type="simple" />
            <root url="jrt://C:/Programs/jdk15!/jdk.naming.dns" type="simple" />
            <root url="jrt://C:/Programs/jdk15!/jdk.naming.rmi" type="simple" />
            <root url="jrt://C:/Programs/jdk15!/jdk.net" type="simple" />
            <root url="jrt://C:/Programs/jdk15!/jdk.nio.mapmode" type="simple" />
            <root url="jrt://C:/Programs/jdk15!/jdk.sctp" type="simple" />
            <root url="jrt://C:/Programs/jdk15!/jdk.security.auth" type="simple" />
            <root url="jrt://C:/Programs/jdk15!/jdk.security.jgss" type="simple" />
            <root url="jrt://C:/Programs/jdk15!/jdk.unsupported" type="simple" />
            <root url="jrt://C:/Programs/jdk15!/jdk.unsupported.desktop" type="simple" />
            <root url="jrt://C:/Programs/jdk15!/jdk.xml.dom" type="simple" />
            <root url="jrt://C:/Programs/jdk15!/jdk.zipfs" type="simple" />
          </root>
        </classPath>
        <javadocPath>
          <root type="composite" />
        </javadocPath>
        <sourcePath>
          <root type="composite">
            <root url="jar://C:/Programs/jdk15/lib/src.zip!/java.se" type="simple" />
            <root url="jar://C:/Programs/jdk15/lib/src.zip!/jdk.aot" type="simple" />
            <root url="jar://C:/Programs/jdk15/lib/src.zip!/jdk.jdi" type="simple" />
            <root url="jar://C:/Programs/jdk15/lib/src.zip!/jdk.jfr" type="simple" />
            <root url="jar://C:/Programs/jdk15/lib/src.zip!/jdk.net" type="simple" />
            <root url="jar://C:/Programs/jdk15/lib/src.zip!/java.rmi" type="simple" />
            <root url="jar://C:/Programs/jdk15/lib/src.zip!/java.sql" type="simple" />
            <root url="jar://C:/Programs/jdk15/lib/src.zip!/java.xml" type="simple" />
            <root url="jar://C:/Programs/jdk15/lib/src.zip!/jdk.jcmd" type="simple" />
            <root url="jar://C:/Programs/jdk15/lib/src.zip!/jdk.sctp" type="simple" />
            <root url="jar://C:/Programs/jdk15/lib/src.zip!/java.base" type="simple" />
            <root url="jar://C:/Programs/jdk15/lib/src.zip!/jdk.jdeps" type="simple" />
            <root url="jar://C:/Programs/jdk15/lib/src.zip!/jdk.jlink" type="simple" />
            <root url="jar://C:/Programs/jdk15/lib/src.zip!/jdk.zipfs" type="simple" />
            <root url="jar://C:/Programs/jdk15/lib/src.zip!/java.prefs" type="simple" />
            <root url="jar://C:/Programs/jdk15/lib/src.zip!/jdk.attach" type="simple" />
            <root url="jar://C:/Programs/jdk15/lib/src.zip!/jdk.jshell" type="simple" />
            <root url="jar://C:/Programs/jdk15/lib/src.zip!/jdk.jstatd" type="simple" />
            <root url="jar://C:/Programs/jdk15/lib/src.zip!/java.naming" type="simple" />
            <root url="jar://C:/Programs/jdk15/lib/src.zip!/jdk.editpad" type="simple" />
            <root url="jar://C:/Programs/jdk15/lib/src.zip!/jdk.jartool" type="simple" />
            <root url="jar://C:/Programs/jdk15/lib/src.zip!/jdk.javadoc" type="simple" />
            <root url="jar://C:/Programs/jdk15/lib/src.zip!/jdk.xml.dom" type="simple" />
            <root url="jar://C:/Programs/jdk15/lib/src.zip!/java.desktop" type="simple" />
            <root url="jar://C:/Programs/jdk15/lib/src.zip!/java.logging" type="simple" />
            <root url="jar://C:/Programs/jdk15/lib/src.zip!/jdk.charsets" type="simple" />
            <root url="jar://C:/Programs/jdk15/lib/src.zip!/jdk.compiler" type="simple" />
            <root url="jar://C:/Programs/jdk15/lib/src.zip!/jdk.dynalink" type="simple" />
            <root url="jar://C:/Programs/jdk15/lib/src.zip!/jdk.jconsole" type="simple" />
            <root url="jar://C:/Programs/jdk15/lib/src.zip!/jdk.jsobject" type="simple" />
            <root url="jar://C:/Programs/jdk15/lib/src.zip!/java.compiler" type="simple" />
            <root url="jar://C:/Programs/jdk15/lib/src.zip!/java.net.http" type="simple" />
            <root url="jar://C:/Programs/jdk15/lib/src.zip!/jdk.crypto.ec" type="simple" />
            <root url="jar://C:/Programs/jdk15/lib/src.zip!/java.scripting" type="simple" />
            <root url="jar://C:/Programs/jdk15/lib/src.zip!/jdk.httpserver" type="simple" />
            <root url="jar://C:/Programs/jdk15/lib/src.zip!/jdk.jdwp.agent" type="simple" />
            <root url="jar://C:/Programs/jdk15/lib/src.zip!/jdk.localedata" type="simple" />
            <root url="jar://C:/Programs/jdk15/lib/src.zip!/jdk.management" type="simple" />
            <root url="jar://C:/Programs/jdk15/lib/src.zip!/jdk.naming.dns" type="simple" />
            <root url="jar://C:/Programs/jdk15/lib/src.zip!/jdk.naming.rmi" type="simple" />
            <root url="jar://C:/Programs/jdk15/lib/src.zip!/java.instrument" type="simple" />
            <root url="jar://C:/Programs/jdk15/lib/src.zip!/java.management" type="simple" />
            <root url="jar://C:/Programs/jdk15/lib/src.zip!/java.sql.rowset" type="simple" />
            <root url="jar://C:/Programs/jdk15/lib/src.zip!/java.xml.crypto" type="simple" />
            <root url="jar://C:/Programs/jdk15/lib/src.zip!/jdk.internal.ed" type="simple" />
            <root url="jar://C:/Programs/jdk15/lib/src.zip!/jdk.internal.le" type="simple" />
            <root url="jar://C:/Programs/jdk15/lib/src.zip!/jdk.nio.mapmode" type="simple" />
            <root url="jar://C:/Programs/jdk15/lib/src.zip!/jdk.unsupported" type="simple" />
            <root url="jar://C:/Programs/jdk15/lib/src.zip!/java.smartcardio" type="simple" />
            <root url="jar://C:/Programs/jdk15/lib/src.zip!/jdk.internal.opt" type="simple" />
            <root url="jar://C:/Programs/jdk15/lib/src.zip!/java.datatransfer" type="simple" />
            <root url="jar://C:/Programs/jdk15/lib/src.zip!/jdk.accessibility" type="simple" />
            <root url="jar://C:/Programs/jdk15/lib/src.zip!/jdk.crypto.mscapi" type="simple" />
            <root url="jar://C:/Programs/jdk15/lib/src.zip!/jdk.hotspot.agent" type="simple" />
            <root url="jar://C:/Programs/jdk15/lib/src.zip!/jdk.security.auth" type="simple" />
            <root url="jar://C:/Programs/jdk15/lib/src.zip!/jdk.security.jgss" type="simple" />
            <root url="jar://C:/Programs/jdk15/lib/src.zip!/java.security.jgss" type="simple" />
            <root url="jar://C:/Programs/jdk15/lib/src.zip!/java.security.sasl" type="simple" />
            <root url="jar://C:/Programs/jdk15/lib/src.zip!/jdk.internal.vm.ci" type="simple" />
            <root url="jar://C:/Programs/jdk15/lib/src.zip!/jdk.management.jfr" type="simple" />
            <root url="jar://C:/Programs/jdk15/lib/src.zip!/java.management.rmi" type="simple" />
            <root url="jar://C:/Programs/jdk15/lib/src.zip!/java.transaction.xa" type="simple" />
            <root url="jar://C:/Programs/jdk15/lib/src.zip!/jdk.crypto.cryptoki" type="simple" />
            <root url="jar://C:/Programs/jdk15/lib/src.zip!/jdk.internal.jvmstat" type="simple" />
            <root url="jar://C:/Programs/jdk15/lib/src.zip!/jdk.management.agent" type="simple" />
            <root url="jar://C:/Programs/jdk15/lib/src.zip!/jdk.incubator.foreign" type="simple" />
            <root url="jar://C:/Programs/jdk15/lib/src.zip!/jdk.incubator.jpackage" type="simple" />
            <root url="jar://C:/Programs/jdk15/lib/src.zip!/jdk.unsupported.desktop" type="simple" />
            <root url="jar://C:/Programs/jdk15/lib/src.zip!/jdk.internal.vm.compiler" type="simple" />
            <root url="jar://C:/Programs/jdk15/lib/src.zip!/jdk.internal.vm.compiler.management" type="simple" />
            <root url="jar://C:/Programs/java/jdk15/lib/src.zip!/java.se" type="simple" />
            <root url="jar://C:/Programs/java/jdk15/lib/src.zip!/jdk.aot" type="simple" />
            <root url="jar://C:/Programs/java/jdk15/lib/src.zip!/jdk.jdi" type="simple" />
            <root url="jar://C:/Programs/java/jdk15/lib/src.zip!/jdk.jfr" type="simple" />
            <root url="jar://C:/Programs/java/jdk15/lib/src.zip!/jdk.net" type="simple" />
            <root url="jar://C:/Programs/java/jdk15/lib/src.zip!/java.rmi" type="simple" />
            <root url="jar://C:/Programs/java/jdk15/lib/src.zip!/java.sql" type="simple" />
            <root url="jar://C:/Programs/java/jdk15/lib/src.zip!/java.xml" type="simple" />
            <root url="jar://C:/Programs/java/jdk15/lib/src.zip!/jdk.jcmd" type="simple" />
            <root url="jar://C:/Programs/java/jdk15/lib/src.zip!/jdk.sctp" type="simple" />
            <root url="jar://C:/Programs/java/jdk15/lib/src.zip!/java.base" type="simple" />
            <root url="jar://C:/Programs/java/jdk15/lib/src.zip!/jdk.jdeps" type="simple" />
            <root url="jar://C:/Programs/java/jdk15/lib/src.zip!/jdk.jlink" type="simple" />
            <root url="jar://C:/Programs/java/jdk15/lib/src.zip!/jdk.zipfs" type="simple" />
            <root url="jar://C:/Programs/java/jdk15/lib/src.zip!/java.prefs" type="simple" />
            <root url="jar://C:/Programs/java/jdk15/lib/src.zip!/jdk.attach" type="simple" />
            <root url="jar://C:/Programs/java/jdk15/lib/src.zip!/jdk.jshell" type="simple" />
            <root url="jar://C:/Programs/java/jdk15/lib/src.zip!/jdk.jstatd" type="simple" />
            <root url="jar://C:/Programs/java/jdk15/lib/src.zip!/java.naming" type="simple" />
            <root url="jar://C:/Programs/java/jdk15/lib/src.zip!/jdk.editpad" type="simple" />
            <root url="jar://C:/Programs/java/jdk15/lib/src.zip!/jdk.jartool" type="simple" />
            <root url="jar://C:/Programs/java/jdk15/lib/src.zip!/jdk.javadoc" type="simple" />
            <root url="jar://C:/Programs/java/jdk15/lib/src.zip!/jdk.xml.dom" type="simple" />
            <root url="jar://C:/Programs/java/jdk15/lib/src.zip!/java.desktop" type="simple" />
            <root url="jar://C:/Programs/java/jdk15/lib/src.zip!/java.logging" type="simple" />
            <root url="jar://C:/Programs/java/jdk15/lib/src.zip!/jdk.charsets" type="simple" />
            <root url="jar://C:/Programs/java/jdk15/lib/src.zip!/jdk.compiler" type="simple" />
            <root url="jar://C:/Programs/java/jdk15/lib/src.zip!/jdk.dynalink" type="simple" />
            <root url="jar://C:/Programs/java/jdk15/lib/src.zip!/jdk.jconsole" type="simple" />
            <root url="jar://C:/Programs/java/jdk15/lib/src.zip!/jdk.jsobject" type="simple" />
            <root url="jar://C:/Programs/java/jdk15/lib/src.zip!/java.compiler" type="simple" />
            <root url="jar://C:/Programs/java/jdk15/lib/src.zip!/java.net.http" type="simple" />
            <root url="jar://C:/Programs/java/jdk15/lib/src.zip!/jdk.crypto.ec" type="simple" />
            <root url="jar://C:/Programs/java/jdk15/lib/src.zip!/java.scripting" type="simple" />
            <root url="jar://C:/Programs/java/jdk15/lib/src.zip!/jdk.httpserver" type="simple" />
            <root url="jar://C:/Programs/java/jdk15/lib/src.zip!/jdk.jdwp.agent" type="simple" />
            <root url="jar://C:/Programs/java/jdk15/lib/src.zip!/jdk.localedata" type="simple" />
            <root url="jar://C:/Programs/java/jdk15/lib/src.zip!/jdk.management" type="simple" />
            <root url="jar://C:/Programs/java/jdk15/lib/src.zip!/jdk.naming.dns" type="simple" />
            <root url="jar://C:/Programs/java/jdk15/lib/src.zip!/jdk.naming.rmi" type="simple" />
            <root url="jar://C:/Programs/java/jdk15/lib/src.zip!/java.instrument" type="simple" />
            <root url="jar://C:/Programs/java/jdk15/lib/src.zip!/java.management" type="simple" />
            <root url="jar://C:/Programs/java/jdk15/lib/src.zip!/java.sql.rowset" type="simple" />
            <root url="jar://C:/Programs/java/jdk15/lib/src.zip!/java.xml.crypto" type="simple" />
            <root url="jar://C:/Programs/java/jdk15/lib/src.zip!/jdk.internal.ed" type="simple" />
            <root url="jar://C:/Programs/java/jdk15/lib/src.zip!/jdk.internal.le" type="simple" />
            <root url="jar://C:/Programs/java/jdk15/lib/src.zip!/jdk.nio.mapmode" type="simple" />
            <root url="jar://C:/Programs/java/jdk15/lib/src.zip!/jdk.unsupported" type="simple" />
            <root url="jar://C:/Programs/java/jdk15/lib/src.zip!/java.smartcardio" type="simple" />
            <root url="jar://C:/Programs/java/jdk15/lib/src.zip!/jdk.internal.opt" type="simple" />
            <root url="jar://C:/Programs/java/jdk15/lib/src.zip!/java.datatransfer" type="simple" />
            <root url="jar://C:/Programs/java/jdk15/lib/src.zip!/jdk.accessibility" type="simple" />
            <root url="jar://C:/Programs/java/jdk15/lib/src.zip!/jdk.crypto.mscapi" type="simple" />
            <root url="jar://C:/Programs/java/jdk15/lib/src.zip!/jdk.hotspot.agent" type="simple" />
            <root url="jar://C:/Programs/java/jdk15/lib/src.zip!/jdk.security.auth" type="simple" />
            <root url="jar://C:/Programs/java/jdk15/lib/src.zip!/jdk.security.jgss" type="simple" />
            <root url="jar://C:/Programs/java/jdk15/lib/src.zip!/java.security.jgss" type="simple" />
            <root url="jar://C:/Programs/java/jdk15/lib/src.zip!/java.security.sasl" type="simple" />
            <root url="jar://C:/Programs/java/jdk15/lib/src.zip!/jdk.internal.vm.ci" type="simple" />
            <root url="jar://C:/Programs/java/jdk15/lib/src.zip!/jdk.management.jfr" type="simple" />
            <root url="jar://C:/Programs/java/jdk15/lib/src.zip!/java.management.rmi" type="simple" />
            <root url="jar://C:/Programs/java/jdk15/lib/src.zip!/java.transaction.xa" type="simple" />
            <root url="jar://C:/Programs/java/jdk15/lib/src.zip!/jdk.crypto.cryptoki" type="simple" />
            <root url="jar://C:/Programs/java/jdk15/lib/src.zip!/jdk.internal.jvmstat" type="simple" />
            <root url="jar://C:/Programs/java/jdk15/lib/src.zip!/jdk.management.agent" type="simple" />
            <root url="jar://C:/Programs/java/jdk15/lib/src.zip!/jdk.incubator.foreign" type="simple" />
            <root url="jar://C:/Programs/java/jdk15/lib/src.zip!/jdk.incubator.jpackage" type="simple" />
            <root url="jar://C:/Programs/java/jdk15/lib/src.zip!/jdk.unsupported.desktop" type="simple" />
            <root url="jar://C:/Programs/java/jdk15/lib/src.zip!/jdk.internal.vm.compiler" type="simple" />
            <root url="jar://C:/Programs/java/jdk15/lib/src.zip!/jdk.internal.vm.compiler.management" type="simple" />
          </root>
        </sourcePath>
      </roots>
      <additional />
    </jdk>
    <jdk version="2">
      <name value="11" />
      <type value="JavaSDK" />
      <version value="version 11.0.9" />
      <homePath value="$APPLICATION_HOME_DIR$/jbr" />
      <roots>
        <annotationsPath>
          <root type="composite">
            <root url="jar://$APPLICATION_HOME_DIR$/plugins/java/lib/jdkAnnotations.jar!/" type="simple" />
          </root>
        </annotationsPath>
        <classPath>
          <root type="composite">
            <root url="jrt://C:/Program Files/JetBrains/IntelliJ IDEA 2020.3.2/jbr!/gluegen.rt" type="simple" />
            <root url="jrt://C:/Program Files/JetBrains/IntelliJ IDEA 2020.3.2/jbr!/java.base" type="simple" />
            <root url="jrt://C:/Program Files/JetBrains/IntelliJ IDEA 2020.3.2/jbr!/java.compiler" type="simple" />
            <root url="jrt://C:/Program Files/JetBrains/IntelliJ IDEA 2020.3.2/jbr!/java.datatransfer" type="simple" />
            <root url="jrt://C:/Program Files/JetBrains/IntelliJ IDEA 2020.3.2/jbr!/java.desktop" type="simple" />
            <root url="jrt://C:/Program Files/JetBrains/IntelliJ IDEA 2020.3.2/jbr!/java.instrument" type="simple" />
            <root url="jrt://C:/Program Files/JetBrains/IntelliJ IDEA 2020.3.2/jbr!/java.logging" type="simple" />
            <root url="jrt://C:/Program Files/JetBrains/IntelliJ IDEA 2020.3.2/jbr!/java.management" type="simple" />
            <root url="jrt://C:/Program Files/JetBrains/IntelliJ IDEA 2020.3.2/jbr!/java.management.rmi" type="simple" />
            <root url="jrt://C:/Program Files/JetBrains/IntelliJ IDEA 2020.3.2/jbr!/java.naming" type="simple" />
            <root url="jrt://C:/Program Files/JetBrains/IntelliJ IDEA 2020.3.2/jbr!/java.net.http" type="simple" />
            <root url="jrt://C:/Program Files/JetBrains/IntelliJ IDEA 2020.3.2/jbr!/java.prefs" type="simple" />
            <root url="jrt://C:/Program Files/JetBrains/IntelliJ IDEA 2020.3.2/jbr!/java.rmi" type="simple" />
            <root url="jrt://C:/Program Files/JetBrains/IntelliJ IDEA 2020.3.2/jbr!/java.scripting" type="simple" />
            <root url="jrt://C:/Program Files/JetBrains/IntelliJ IDEA 2020.3.2/jbr!/java.se" type="simple" />
            <root url="jrt://C:/Program Files/JetBrains/IntelliJ IDEA 2020.3.2/jbr!/java.security.jgss" type="simple" />
            <root url="jrt://C:/Program Files/JetBrains/IntelliJ IDEA 2020.3.2/jbr!/java.security.sasl" type="simple" />
            <root url="jrt://C:/Program Files/JetBrains/IntelliJ IDEA 2020.3.2/jbr!/java.smartcardio" type="simple" />
            <root url="jrt://C:/Program Files/JetBrains/IntelliJ IDEA 2020.3.2/jbr!/java.sql" type="simple" />
            <root url="jrt://C:/Program Files/JetBrains/IntelliJ IDEA 2020.3.2/jbr!/java.sql.rowset" type="simple" />
            <root url="jrt://C:/Program Files/JetBrains/IntelliJ IDEA 2020.3.2/jbr!/java.transaction.xa" type="simple" />
            <root url="jrt://C:/Program Files/JetBrains/IntelliJ IDEA 2020.3.2/jbr!/java.xml" type="simple" />
            <root url="jrt://C:/Program Files/JetBrains/IntelliJ IDEA 2020.3.2/jbr!/java.xml.crypto" type="simple" />
            <root url="jrt://C:/Program Files/JetBrains/IntelliJ IDEA 2020.3.2/jbr!/jcef" type="simple" />
            <root url="jrt://C:/Program Files/JetBrains/IntelliJ IDEA 2020.3.2/jbr!/jdk.accessibility" type="simple" />
            <root url="jrt://C:/Program Files/JetBrains/IntelliJ IDEA 2020.3.2/jbr!/jdk.aot" type="simple" />
            <root url="jrt://C:/Program Files/JetBrains/IntelliJ IDEA 2020.3.2/jbr!/jdk.attach" type="simple" />
            <root url="jrt://C:/Program Files/JetBrains/IntelliJ IDEA 2020.3.2/jbr!/jdk.charsets" type="simple" />
            <root url="jrt://C:/Program Files/JetBrains/IntelliJ IDEA 2020.3.2/jbr!/jdk.compiler" type="simple" />
            <root url="jrt://C:/Program Files/JetBrains/IntelliJ IDEA 2020.3.2/jbr!/jdk.crypto.cryptoki" type="simple" />
            <root url="jrt://C:/Program Files/JetBrains/IntelliJ IDEA 2020.3.2/jbr!/jdk.crypto.ec" type="simple" />
            <root url="jrt://C:/Program Files/JetBrains/IntelliJ IDEA 2020.3.2/jbr!/jdk.dynalink" type="simple" />
            <root url="jrt://C:/Program Files/JetBrains/IntelliJ IDEA 2020.3.2/jbr!/jdk.hotspot.agent" type="simple" />
            <root url="jrt://C:/Program Files/JetBrains/IntelliJ IDEA 2020.3.2/jbr!/jdk.httpserver" type="simple" />
            <root url="jrt://C:/Program Files/JetBrains/IntelliJ IDEA 2020.3.2/jbr!/jdk.internal.ed" type="simple" />
            <root url="jrt://C:/Program Files/JetBrains/IntelliJ IDEA 2020.3.2/jbr!/jdk.internal.jvmstat" type="simple" />
            <root url="jrt://C:/Program Files/JetBrains/IntelliJ IDEA 2020.3.2/jbr!/jdk.internal.le" type="simple" />
            <root url="jrt://C:/Program Files/JetBrains/IntelliJ IDEA 2020.3.2/jbr!/jdk.internal.vm.ci" type="simple" />
            <root url="jrt://C:/Program Files/JetBrains/IntelliJ IDEA 2020.3.2/jbr!/jdk.internal.vm.compiler" type="simple" />
            <root url="jrt://C:/Program Files/JetBrains/IntelliJ IDEA 2020.3.2/jbr!/jdk.internal.vm.compiler.management" type="simple" />
            <root url="jrt://C:/Program Files/JetBrains/IntelliJ IDEA 2020.3.2/jbr!/jdk.jdi" type="simple" />
            <root url="jrt://C:/Program Files/JetBrains/IntelliJ IDEA 2020.3.2/jbr!/jdk.jdwp.agent" type="simple" />
            <root url="jrt://C:/Program Files/JetBrains/IntelliJ IDEA 2020.3.2/jbr!/jdk.jfr" type="simple" />
            <root url="jrt://C:/Program Files/JetBrains/IntelliJ IDEA 2020.3.2/jbr!/jdk.jsobject" type="simple" />
            <root url="jrt://C:/Program Files/JetBrains/IntelliJ IDEA 2020.3.2/jbr!/jdk.localedata" type="simple" />
            <root url="jrt://C:/Program Files/JetBrains/IntelliJ IDEA 2020.3.2/jbr!/jdk.management" type="simple" />
            <root url="jrt://C:/Program Files/JetBrains/IntelliJ IDEA 2020.3.2/jbr!/jdk.management.agent" type="simple" />
            <root url="jrt://C:/Program Files/JetBrains/IntelliJ IDEA 2020.3.2/jbr!/jdk.management.jfr" type="simple" />
            <root url="jrt://C:/Program Files/JetBrains/IntelliJ IDEA 2020.3.2/jbr!/jdk.naming.dns" type="simple" />
            <root url="jrt://C:/Program Files/JetBrains/IntelliJ IDEA 2020.3.2/jbr!/jdk.naming.rmi" type="simple" />
            <root url="jrt://C:/Program Files/JetBrains/IntelliJ IDEA 2020.3.2/jbr!/jdk.net" type="simple" />
            <root url="jrt://C:/Program Files/JetBrains/IntelliJ IDEA 2020.3.2/jbr!/jdk.pack" type="simple" />
            <root url="jrt://C:/Program Files/JetBrains/IntelliJ IDEA 2020.3.2/jbr!/jdk.scripting.nashorn" type="simple" />
            <root url="jrt://C:/Program Files/JetBrains/IntelliJ IDEA 2020.3.2/jbr!/jdk.scripting.nashorn.shell" type="simple" />
            <root url="jrt://C:/Program Files/JetBrains/IntelliJ IDEA 2020.3.2/jbr!/jdk.sctp" type="simple" />
            <root url="jrt://C:/Program Files/JetBrains/IntelliJ IDEA 2020.3.2/jbr!/jdk.security.auth" type="simple" />
            <root url="jrt://C:/Program Files/JetBrains/IntelliJ IDEA 2020.3.2/jbr!/jdk.security.jgss" type="simple" />
            <root url="jrt://C:/Program Files/JetBrains/IntelliJ IDEA 2020.3.2/jbr!/jdk.unsupported" type="simple" />
            <root url="jrt://C:/Program Files/JetBrains/IntelliJ IDEA 2020.3.2/jbr!/jdk.xml.dom" type="simple" />
            <root url="jrt://C:/Program Files/JetBrains/IntelliJ IDEA 2020.3.2/jbr!/jdk.zipfs" type="simple" />
            <root url="jrt://C:/Program Files/JetBrains/IntelliJ IDEA 2020.3.2/jbr!/jogl.all" type="simple" />
          </root>
        </classPath>
        <javadocPath>
          <root type="composite">
            <root url="https://docs.oracle.com/en/java/javase/11/docs/api/" type="simple" />
          </root>
        </javadocPath>
        <sourcePath>
          <root type="composite" />
        </sourcePath>
      </roots>
      <additional />
    </jdk>
    <jdk version="2">
      <name value="3.8 @ Ubuntu 20.04" />
      <type value="Python SDK" />
      <version value="Python 3.8.5" />
      <homePath value="wsl://UBUNTU2004/usr/bin/python3.8" />
      <roots>
        <annotationsPath>
          <root type="composite" />
        </annotationsPath>
        <classPath>
          <root type="composite">
            <root url="file://$USER_HOME$/AppData/Local/JetBrains/IntelliJIdea2020.3/remote_sources/1487600578/201545293" type="simple" />
            <root url="file://$USER_HOME$/AppData/Local/JetBrains/IntelliJIdea2020.3/remote_sources/1487600578/823715838" type="simple" />
            <root url="file://$USER_HOME$/AppData/Local/JetBrains/IntelliJIdea2020.3/remote_sources/1487600578/-1171821208" type="simple" />
            <root url="file://$USER_HOME$/AppData/Local/JetBrains/IntelliJIdea2020.3/python_stubs/1487600578" type="simple" />
            <root url="file://$APPLICATION_PLUGINS_DIR$/python/helpers/python-skeletons" type="simple" />
            <root url="file://$APPLICATION_PLUGINS_DIR$/python/helpers/typeshed/stdlib/3.7" type="simple" />
            <root url="file://$APPLICATION_PLUGINS_DIR$/python/helpers/typeshed/stdlib/3" type="simple" />
            <root url="file://$APPLICATION_PLUGINS_DIR$/python/helpers/typeshed/stdlib/2and3" type="simple" />
            <root url="file://$APPLICATION_PLUGINS_DIR$/python/helpers/typeshed/third_party/3" type="simple" />
            <root url="file://$APPLICATION_PLUGINS_DIR$/python/helpers/typeshed/third_party/2and3" type="simple" />
          </root>
        </classPath>
        <javadocPath>
          <root type="composite" />
        </javadocPath>
        <sourcePath>
          <root type="composite" />
        </sourcePath>
      </roots>
      <additional INTERPRETER_PATH="/usr/bin/python3.8" HELPERS_PATH="" INITIALIZED="false" VALID="true" RUN_AS_ROOT_VIA_SUDO="false" SKELETONS_PATH="" VERSION="" DISTRIBUTION_ID="UBUNTU2004">
        <PathMappingSettings>
          <option name="pathMappings">
            <list>
              <mapping local-root="$USER_HOME$/AppData/Local/JetBrains/IntelliJIdea2020.3/remote_sources/1487600578/201545293" remote-root="/usr/lib/python3.8" />
              <mapping local-root="$USER_HOME$/AppData/Local/JetBrains/IntelliJIdea2020.3/remote_sources/1487600578/823715838" remote-root="/home/zbseoag/.local/lib/python3.8/site-packages" />
              <mapping local-root="$USER_HOME$/AppData/Local/JetBrains/IntelliJIdea2020.3/remote_sources/1487600578/-1171821208" remote-root="/usr/lib/python3/dist-packages" />
            </list>
          </option>
        </PathMappingSettings>
      </additional>
    </jdk>
    <jdk version="2">
      <name value="2.7 @ Ubuntu 20.04" />
      <type value="Python SDK" />
      <version value="Python 2.7.18" />
      <homePath value="wsl://UBUNTU2004/usr/bin/python" />
      <roots>
        <annotationsPath>
          <root type="composite" />
        </annotationsPath>
        <classPath>
          <root type="composite" />
        </classPath>
        <javadocPath>
          <root type="composite" />
        </javadocPath>
        <sourcePath>
          <root type="composite" />
        </sourcePath>
      </roots>
      <additional INTERPRETER_PATH="/usr/bin/python" HELPERS_PATH="" INITIALIZED="false" VALID="true" RUN_AS_ROOT_VIA_SUDO="false" SKELETONS_PATH="" VERSION="" DISTRIBUTION_ID="UBUNTU2004" />
    </jdk>
  </component>
</application>